City_ID,City,Lat,Lng,Max Temp,Humidity,Cloudiness,Wind Speed,Country,Date
0,mataura,-46.1927,168.8643,23.04,39,100,4.82,NZ,1678583987
1,torbay,47.6666,-52.7314,1.27,95,100,10.29,CA,1678584021
2,baturaja,-4.1333,104.1667,23.93,95,98,0.28,ID,1678584021
3,ilulissat,69.2167,-51.1,-7.99,49,13,2.06,GL,1678584022
4,new norfolk,-42.7826,147.0587,16.62,58,100,0.89,AU,1678584022
5,cururupu,-1.8283,-44.8683,23.93,96,26,1.52,BR,1678584022
6,port elizabeth,-33.918,25.5701,18.39,81,0,6.17,ZA,1678584023
7,barrow,71.2906,-156.7887,-22.99,77,0,4.12,US,1678583913
8,jamestown,42.097,-79.2353,-1.92,92,100,1.54,US,1678583989
9,cape town,-33.9258,18.4232,16.18,69,100,4.92,ZA,1678583477
10,butaritari,3.0707,172.7902,27.65,74,0,6.22,KI,1678584024
11,esso,55.9333,158.7,-6.78,84,100,2.45,RU,1678584024
12,tuatapere,-46.1333,167.6833,17.72,65,95,4.46,NZ,1678584025
13,sibolga,1.7427,98.7792,25.35,82,85,0.83,ID,1678583732
14,rikitea,-23.1203,-134.9692,24.52,85,100,13.4,PF,1678584025
15,dikson,73.5069,80.5464,-21.02,88,100,7.2,RU,1678584026
16,provideniya,64.3833,-173.3,-10.46,91,100,2.47,RU,1678584026
17,tres picos,15.8667,-93.5333,26.05,81,22,1.93,MX,1678584027
18,kapaa,22.0752,-159.319,26.38,59,20,6.69,US,1678584027
19,georgetown,5.4112,100.3354,27.96,82,20,3.6,MY,1678583813
20,itoman,26.1247,127.6694,22.43,68,40,7.72,JP,1678583781
21,waipawa,-41.4122,175.5153,19.79,57,100,3.36,NZ,1678584028
22,saint-philippe,-21.3585,55.7679,24.77,82,78,6.06,RE,1678584029
23,cabo san lucas,22.8909,-109.9124,29.17,28,0,1.54,MX,1678583852
24,havre-saint-pierre,50.2334,-63.5986,-1.0,86,0,3.6,CA,1678583784
25,chuy,-33.6971,-53.4616,23.23,87,20,5.46,UY,1678584030
26,beringovskiy,63.05,179.3167,-15.97,86,5,5.74,RU,1678584031
27,avarua,-21.2078,-159.775,28.03,83,75,6.17,CK,1678584031
28,esna,25.2934,32.554,18.85,27,0,3.08,EG,1678584031
29,krasnyy chikoy,50.3643,108.7512,-14.21,80,18,1.87,RU,1678584032
30,cherskiy,68.75,161.3,-16.54,75,100,4.82,RU,1678584032
31,yellowknife,62.456,-114.3525,-18.71,65,20,2.57,CA,1678584033
32,busselton,-33.65,115.3333,22.84,45,8,0.83,AU,1678583988
33,makakilo city,21.3469,-158.0858,25.86,58,0,3.09,US,1678584033
34,carnarvon,-24.8667,113.6333,26.43,63,0,9.14,AU,1678584034
35,lavrentiya,65.5833,-171.0,-14.85,85,100,3.75,RU,1678584034
36,saint-michel-des-saints,46.6834,-73.9159,-3.37,95,99,1.67,CA,1678584035
37,marabba,12.35,32.1833,24.63,13,93,4.9,SD,1678584035
38,grindavik,63.8424,-22.4338,-8.74,53,20,9.77,IS,1678584036
39,thompson,55.7435,-97.8558,-12.91,66,20,1.54,CA,1678584036
40,saquena,-4.6667,-73.5167,22.81,98,100,1.12,PE,1678584037
41,muli,2.9167,73.5667,27.56,77,24,5.03,MV,1678584037
42,berdigestyakh,62.0989,126.6992,-17.26,93,100,2.83,RU,1678584038
43,haines junction,60.7522,-137.5108,-8.03,35,53,2.57,CA,1678584039
44,qaanaaq,77.484,-69.3632,-21.61,74,24,2.54,GL,1678584039
45,montepuez,-13.1256,38.9997,20.62,98,100,4.2,MZ,1678584040
46,ushuaia,-54.8,-68.3,12.81,44,40,5.66,AR,1678584040
47,comodoro rivadavia,-45.8667,-67.5,17.92,72,75,5.66,AR,1678584041
48,aklavik,68.2191,-135.0107,-11.56,88,40,2.48,CA,1678584041
49,saint-augustin,51.226,-58.6502,-2.47,79,10,3.62,CA,1678584041
50,east london,-33.0153,27.9116,20.0,76,100,4.79,ZA,1678584042
51,nanakuli,21.3906,-158.1547,26.65,57,0,3.09,US,1678584042
52,banjar,-8.19,114.9675,28.68,64,5,1.27,ID,1678584043
53,altamont,42.2068,-121.7372,4.94,72,100,2.24,US,1678584043
54,punta arenas,-53.15,-70.9167,8.06,61,0,4.12,CL,1678584043
55,mahebourg,-20.4081,57.7,26.16,73,75,4.12,MU,1678584044
56,acapulco,16.8634,-99.8901,26.9,69,20,4.12,MX,1678584028
57,kavieng,-2.5744,150.7967,27.69,74,92,0.07,PG,1678584044
58,mar del plata,-38.0023,-57.5575,23.94,98,100,2.06,AR,1678584045
59,hobart,-42.8794,147.3294,16.26,80,75,5.66,AU,1678583891
60,port alfred,-33.5906,26.891,18.43,83,100,1.34,ZA,1678584045
61,vardo,70.3705,31.1107,-11.01,79,10,9.77,NO,1678584046
62,puerto ayora,-0.7393,-90.3518,26.42,88,48,0.45,EC,1678584046
63,naron,43.5167,-8.1528,15.58,96,100,4.46,ES,1678584047
64,hay river,60.8156,-115.7999,-17.01,55,20,0.0,CA,1678584047
65,weyburn,49.6668,-103.8511,-8.88,86,100,6.17,CA,1678584047
66,methoni,36.8197,21.7049,15.12,84,17,1.15,GR,1678584048
67,varhaug,58.6147,5.6457,-1.17,57,100,5.07,NO,1678584048
68,chulym,55.0997,80.9572,-0.94,97,99,5.35,RU,1678584049
69,albany,42.6001,-73.9662,1.31,81,100,0.45,US,1678584049
70,atuona,-9.8,-139.0333,26.92,74,25,3.05,PF,1678584049
71,logrono,42.4667,-2.45,14.72,67,75,5.66,ES,1678584050
72,bubaque,11.2833,-15.8333,25.78,71,6,5.46,GW,1678584050
73,zykovo,55.9519,93.1461,3.41,74,100,4.45,RU,1678584050
74,thinadhoo,0.5333,72.9333,27.86,71,13,3.13,MV,1678584051
75,hermanus,-34.4187,19.2345,12.67,63,100,4.73,ZA,1678584051
76,krasnogvardeyskiy,57.3793,62.3195,-8.62,93,6,2.19,RU,1678584051
77,castro,-24.7911,-50.0119,17.3,98,100,2.77,BR,1678583912
78,souillac,-20.5167,57.5167,26.21,73,75,4.12,MU,1678584052
79,talnakh,69.4865,88.3972,-7.66,95,100,4.73,RU,1678584052
80,bluff,-46.6,168.3333,23.22,62,100,6.47,NZ,1678584053
81,kutum,14.2,24.6667,17.78,16,79,3.35,SD,1678584053
82,bud,39.447,-86.1758,7.16,62,100,3.68,US,1678584054
83,hilo,19.7297,-155.09,24.23,82,100,2.24,US,1678584054
84,harrisburg,40.2737,-76.8844,3.36,69,75,4.63,US,1678584054
85,port hedland,-20.3167,118.5667,32.03,70,40,3.6,AU,1678583961
86,tiksi,71.6872,128.8694,-21.43,96,89,3.81,RU,1678584055
87,verkhnevilyuysk,63.4453,120.3167,-21.73,99,100,1.07,RU,1678584055
88,faanui,-16.4833,-151.75,27.43,80,99,7.51,PF,1678584056
89,melton,-37.6833,144.5833,19.19,65,75,3.66,AU,1678584056
90,pandamatenga,-18.5278,25.627,19.74,62,63,3.07,BW,1678584056
91,kindu,-2.95,25.95,19.43,99,100,0.38,CD,1678584057
92,cidreira,-30.1811,-50.2056,24.78,87,8,5.41,BR,1678584057
93,lewiston,44.1003,-70.2148,2.66,74,0,1.54,US,1678584058
94,mount gambier,-37.8333,140.7667,16.64,73,84,3.71,AU,1678584058
95,vaini,-21.2,-175.2,30.09,66,40,5.14,TO,1678584058
96,axim,4.8699,-2.2405,26.38,88,86,3.06,GH,1678584059
97,alofi,-19.0595,-169.9187,25.94,89,100,3.09,NU,1678584059
98,vila velha,-20.3297,-40.2925,25.97,89,75,2.06,BR,1678584059
99,dukat,62.55,155.55,-15.66,77,100,3.03,RU,1678584060
100,buchanan,5.8808,-10.0467,25.35,86,100,1.34,LR,1678583879
101,ponta do sol,32.6667,-17.1,20.62,36,100,2.39,PT,1678584060
102,belaya gora,68.5333,146.4167,-19.77,78,100,1.48,RU,1678584061
103,miram shah,33.0086,70.0697,18.88,38,100,0.32,PK,1678584061
104,beaufort,5.3473,115.7455,27.58,69,64,0.68,MY,1678584061
105,chokurdakh,70.6333,147.9167,-26.54,87,87,0.57,RU,1678584062
106,korla,41.7597,86.1469,5.3,28,29,1.05,CN,1678584063
107,coahuayana,18.7333,-103.6833,23.07,82,10,1.64,MX,1678584063
108,solnechnyy,50.7214,136.6319,-3.37,69,100,2.9,RU,1678584063
109,guerrero negro,27.9769,-114.0611,17.8,78,100,8.95,MX,1678583933
110,bambous virieux,-20.3428,57.7575,26.14,73,75,4.12,MU,1678584064
111,vanimo,-2.6741,141.3028,26.69,80,100,2.15,PG,1678584065
112,ous,60.9058,61.5186,-13.84,92,11,2.4,RU,1678584066
113,ahipara,-35.1667,173.1667,21.3,59,25,3.46,NZ,1678584066
114,hohhot,40.8106,111.6522,-5.84,53,0,1.0,CN,1678584066
115,chara,56.9064,118.2631,-25.01,80,9,0.57,RU,1678584067
116,guiyang,26.5833,106.7167,12.27,94,100,3.0,CN,1678584068
117,mandan,46.8267,-100.8896,-5.01,81,40,8.23,US,1678583884
118,avera,33.194,-82.5271,10.73,50,100,2.28,US,1678584069
119,bredasdorp,-34.5322,20.0403,16.09,59,95,3.5,ZA,1678584069
120,mgandu,-5.95,34.1333,16.21,95,100,0.66,TZ,1678584070
121,hambantota,6.1241,81.1185,24.43,85,78,5.72,LK,1678584070
122,saint-joseph,-21.3667,55.6167,24.21,81,71,6.17,RE,1678584071
123,fort nelson,58.8053,-122.7002,-11.7,46,20,2.24,CA,1678584071
124,lebu,-37.6167,-73.65,15.45,87,73,6.34,CL,1678583869
125,san patricio,28.017,-97.5169,26.97,73,10,6.66,US,1678584072
126,mengyin,35.7069,117.9264,4.77,26,0,8.94,CN,1678584072
127,agadez,19.75,10.25,24.32,12,100,3.31,NE,1678584073
128,gandajika,-6.75,23.95,19.1,97,100,0.43,CD,1678584073
129,tuktoyaktuk,69.4541,-133.0374,-15.0,85,100,4.12,CA,1678584073
130,sinnamary,5.3833,-52.95,25.49,75,100,5.01,GF,1678584074
131,zatoka,46.0725,30.4654,6.5,66,98,10.3,UA,1678584074
132,ancud,-41.8697,-73.8203,15.75,91,100,11.9,CL,1678583909
133,kahului,20.8947,-156.47,26.65,63,20,4.63,US,1678584075
134,sedhiou,12.7081,-15.5569,24.27,53,1,2.38,SN,1678584076
135,altamira,-3.2033,-52.2064,22.76,97,100,1.06,BR,1678584077
136,kaitangata,-46.2817,169.8464,21.46,43,100,1.79,NZ,1678584077
137,oranjemund,-28.55,16.4333,16.31,84,0,7.35,NA,1678584078
138,namatanai,-3.6667,152.4333,28.7,71,61,1.53,PG,1678584079
139,price,39.5994,-110.8107,3.95,60,20,2.06,US,1678584079
140,lublin,51.0,23.0,-1.23,86,7,7.14,PL,1678584080
141,bilibino,68.0546,166.4372,-20.75,74,81,1.12,RU,1678584080
142,saldanha,-33.0117,17.9442,13.03,73,55,6.57,ZA,1678584081
143,norman wells,65.282,-126.8329,-10.98,31,40,0.0,CA,1678584081
144,kruisfontein,-34.0033,24.7314,17.16,60,100,2.24,ZA,1678584082
145,beloha,-25.1667,45.05,21.71,86,0,4.13,MG,1678584082
146,gizo,-8.103,156.8419,28.18,75,87,2.53,SB,1678584082
147,lompoc,34.6391,-120.4579,17.66,88,75,5.14,US,1678584083
148,fortuna,40.5982,-124.1573,9.64,90,75,4.12,US,1678584083
149,iskateley,67.6803,53.1512,-13.12,96,90,5.16,RU,1678584084
150,pacific grove,36.6177,-121.9166,16.86,83,75,5.66,US,1678584084
151,pangnirtung,66.1451,-65.7125,-18.0,92,0,0.0,CA,1678584085
152,sorland,67.667,12.6934,-0.08,42,100,8.73,NO,1678584086
153,nikolskoye,59.7035,30.7861,-3.44,97,100,2.8,RU,1678584086
154,bethel,41.3712,-73.414,4.05,67,100,5.14,US,1678584087
155,san quintin,30.4833,-115.95,16.96,87,100,5.35,MX,1678584087
156,awjilah,29.1081,21.2869,16.04,56,0,3.19,LY,1678584088
157,minsk,53.9,27.5667,-2.14,88,100,8.11,BY,1678584088
158,pochutla,15.7432,-96.4661,27.68,68,6,2.39,MX,1678584089
159,gimli,50.6336,-96.9907,-4.99,58,100,7.72,CA,1678584089
160,flin flon,54.7682,-101.865,-10.4,95,100,1.59,CA,1678584089
161,sao filipe,14.8961,-24.4956,24.51,62,0,3.39,CV,1678584090
162,gushikawa,26.3544,127.8686,22.0,71,20,7.72,JP,1678584091
163,marzuq,14.4,46.4667,19.31,74,86,2.4,YE,1678584091
164,kabo,7.6994,18.629,24.45,19,62,1.82,CF,1678584091
165,bandarbeyla,9.4942,50.8122,25.42,79,10,4.61,SO,1678584092
166,kiama,-34.6833,150.8667,26.32,69,83,5.18,AU,1678584092
167,lake cowichan,48.825,-124.0546,7.07,92,89,1.19,CA,1678584093
168,myaundzha,63.0494,147.1858,-17.56,92,100,1.52,RU,1678584093
169,susehri,40.1644,38.0867,8.13,67,97,4.22,TR,1678584093
170,naze,28.3667,129.4833,20.51,66,99,4.7,JP,1678584095
171,kodiak,57.79,-152.4072,6.73,21,0,4.63,US,1678584095
172,zhigansk,66.7697,123.3711,-27.49,100,98,2.42,RU,1678584096
173,umea,63.8284,20.2597,-13.38,78,17,1.54,SE,1678584096
174,sirjan,29.452,55.6814,11.66,38,0,1.62,IR,1678584097
175,stornoway,58.2093,-6.3865,2.98,85,100,3.6,GB,1678584097
176,husavik,66.0449,-17.3389,-8.42,82,100,6.17,IS,1678584098
177,chulman,56.8479,124.9104,-19.65,90,98,2.34,RU,1678584099
178,half moon bay,37.4636,-122.4286,16.63,90,100,3.6,US,1678583930
179,lugde,51.9583,9.2471,-0.5,92,52,1.75,DE,1678584100
180,zaysan,47.4667,84.8667,2.02,73,100,1.18,KZ,1678584100
181,ibipeba,-11.6408,-42.0111,23.18,57,96,2.16,BR,1678584101
182,pacifica,37.6138,-122.4869,16.23,93,100,8.05,US,1678583814
183,kampong cham,11.9934,105.4635,25.45,63,6,3.17,KH,1678584102
184,namibe,-15.1961,12.1522,21.98,87,81,0.4,AO,1678584102
185,eureka,40.8021,-124.1637,10.67,88,100,0.45,US,1678584102
186,severo-kurilsk,50.6789,156.125,0.88,92,100,4.3,RU,1678584103
187,batagay,67.6333,134.6333,-19.74,97,100,0.68,RU,1678584103
188,puerto varas,-41.3195,-72.9854,18.12,82,75,10.29,CL,1678584104
189,khrebtovaya,56.7032,104.2494,-10.94,88,100,2.07,RU,1678584104
190,muros,42.7762,-9.0603,15.38,93,100,4.76,ES,1678584104
191,bathsheba,13.2167,-59.5167,26.34,73,20,6.69,BB,1678584105
192,hutang,31.5333,119.4833,11.85,50,92,6.39,CN,1678584105
193,boddam,57.4667,-1.7833,1.21,92,100,11.11,GB,1678583842
194,xining,36.6167,101.7667,-5.53,68,15,1.41,CN,1678584106
195,saskylakh,71.9167,114.0833,-24.33,92,25,3.86,RU,1678584106
196,tiznit,29.5833,-9.5,21.57,24,6,0.52,MA,1678584106
197,along,28.1667,94.7667,17.39,64,44,0.71,IN,1678584107
198,nizhniy odes,63.6445,54.856,-14.43,99,100,2.38,RU,1678584107
199,upernavik,72.7868,-56.1549,-23.24,84,91,2.49,GL,1678583810
200,komsomolskiy,40.4272,71.7189,12.4,82,100,2.06,UZ,1678584108
201,nampa,43.5407,-116.5635,10.06,45,20,4.63,US,1678584108
202,moerai,-22.4333,-151.3333,26.11,72,99,7.72,PF,1678584108
203,khilok,51.3674,110.4676,-9.78,62,23,1.32,RU,1678584109
204,petrozavodsk,61.7849,34.3469,-6.3,92,100,3.0,RU,1678584008
205,taoudenni,22.6783,-3.9836,27.61,8,0,8.25,ML,1678584109
206,banda aceh,5.5577,95.3222,26.51,81,92,2.54,ID,1678584109
207,mantua,45.1667,10.7833,12.97,77,79,2.68,IT,1678583846
208,hervey bay,-25.2986,152.8535,27.37,81,13,6.12,AU,1678584110
209,kavaratti,10.5669,72.642,27.42,69,5,2.25,IN,1678583960
210,simpang,-1.2667,104.0833,25.13,91,99,0.71,ID,1678584111
211,anito,12.4497,125.2886,27.01,68,26,4.2,PH,1678584111
212,oktyabrskoye,43.0645,44.7417,4.08,87,25,2.0,RU,1678584111
213,grand gaube,-20.0064,57.6608,26.22,82,100,2.24,MU,1678584112
214,jaque,7.5175,-78.1703,24.77,89,100,1.41,PA,1678584112
215,petropavlovsk-kamchatskiy,53.0452,158.6483,-4.67,68,75,1.0,RU,1678584112
216,taubate,-23.0264,-45.5553,21.34,97,100,0.6,BR,1678584113
217,dryden,49.7833,-92.7503,-5.84,42,100,7.2,CA,1678584113
218,honningsvag,70.9821,25.9704,-6.14,68,4,9.77,NO,1678584113
219,minot,48.2325,-101.2963,-6.88,93,100,11.83,US,1678583873
220,lipin bor,60.2622,37.9763,-2.98,92,100,7.0,RU,1678584114
221,leningradskiy,69.3833,178.4167,-21.36,85,10,1.6,RU,1678584114
222,arraial do cabo,-22.9661,-42.0278,24.03,90,100,5.35,BR,1678583987
223,charters towers,-20.1,146.2667,30.52,52,32,3.07,AU,1678584115
224,qeshm,26.9581,56.2719,18.94,73,0,2.39,IR,1678584115
225,portel,-1.9356,-50.8211,23.44,96,22,1.65,BR,1678583989
226,challans,46.8436,-1.8749,12.11,92,100,5.23,FR,1678584115
227,clyde river,70.4692,-68.5914,-19.87,77,20,7.72,CA,1678584116
228,rio novo,-21.4575,-43.1253,20.69,97,100,1.19,BR,1678584116
229,abilene,32.4487,-99.7331,28.12,27,0,1.54,US,1678584079
230,shediac,46.2198,-64.5411,-0.51,86,100,4.12,CA,1678584116
231,hithadhoo,-0.6,73.0833,27.57,72,15,2.51,MV,1678584117
232,seydi,39.4816,62.9137,11.56,45,86,1.96,TM,1678584117
233,north bend,43.4065,-124.2243,10.65,81,0,3.09,US,1678584118
234,touros,-5.1989,-35.4608,26.86,77,100,5.49,BR,1678584118
235,frederico westphalen,-27.3592,-53.3944,24.69,63,65,1.78,BR,1678584118
236,mackenzie,55.2999,-123.1698,-11.88,48,20,2.57,CA,1678584119
237,bay-khaak,51.1667,94.5,-10.28,85,100,0.69,RU,1678584119
238,ouargaye,11.5033,0.0572,30.9,15,76,1.84,BF,1678584119
239,mao,39.8885,4.2658,13.31,82,0,0.51,ES,1678584120
240,gamba,-2.65,10.0,23.8,89,100,0.97,GA,1678584120
241,manggar,-2.8833,108.2667,26.59,80,92,2.95,ID,1678584120
242,sonari,27.0667,95.0333,19.03,41,0,0.48,IN,1678584121
243,khash,28.2211,61.2158,14.81,46,0,1.57,IR,1678584121
244,pitelino,54.5777,41.8145,2.83,100,100,9.03,RU,1678584122
245,hasaki,35.7333,140.8333,17.38,61,100,2.8,JP,1678584122
246,kushiro,42.975,144.3747,1.53,80,75,1.54,JP,1678584123
247,faya,18.3851,42.4509,14.29,72,14,2.37,SA,1678584123
248,ust-nera,64.5667,143.2,-18.63,94,100,2.01,RU,1678584124
249,san rafael,-34.6177,-68.3301,31.33,40,75,2.57,AR,1678584045
250,beausejour,50.0622,-96.5167,-6.75,93,100,7.27,CA,1678584125
251,princeton,25.5384,-80.4089,25.56,77,0,6.17,US,1678583602
252,tooele,40.5308,-112.2983,5.04,58,75,2.57,US,1678583999
253,nishihara,26.1842,127.7558,22.03,68,40,7.72,JP,1678584126
254,nizwa,22.9333,57.5333,20.77,37,61,0.21,OM,1678584126
255,novoagansk,61.9449,76.6625,-10.16,86,100,9.99,RU,1678584127
256,longyearbyen,78.2186,15.6401,-9.09,67,20,6.69,SJ,1678584105
257,mumbwa,-14.9783,27.0619,16.86,92,100,0.63,ZM,1678584127
258,male,4.1748,73.5089,27.97,83,75,5.66,MV,1678584128
259,churapcha,62.0025,132.4325,-9.47,87,100,4.19,RU,1678584128
260,ekpoma,6.7421,6.139,23.14,86,66,1.53,NG,1678584129
261,sakakah,29.9697,40.2064,14.76,32,3,4.16,SA,1678584129
262,asfi,32.2994,-9.2372,15.62,79,45,6.69,MA,1678584130
263,noumea,-22.2763,166.4572,30.99,58,55,5.86,NC,1678584130
264,laguna,38.421,-121.4238,13.94,89,100,2.57,US,1678583895
265,guangyuan,32.442,105.823,11.5,15,84,3.15,CN,1678584131
266,wanning,18.8003,110.3967,23.03,81,100,3.27,CN,1678584131
267,lagunas,-5.2269,-75.6753,23.1,92,65,0.64,PE,1678584132
268,padang,-0.9492,100.3543,24.03,82,93,1.43,ID,1678584132
269,christchurch,-43.5333,172.6333,24.71,48,0,4.12,NZ,1678583945
270,maningrida,-12.0667,134.2667,30.01,63,99,2.23,AU,1678584133
271,wielun,51.221,18.5696,-1.42,84,12,5.74,PL,1678584134
272,caravelas,-17.7125,-39.2481,23.76,83,100,2.09,BR,1678584134
273,emerald,-23.5333,148.1667,29.63,73,0,5.32,AU,1678584135
274,san cristobal,7.7669,-72.225,19.1,93,99,0.24,VE,1678584135
275,dalvik,65.9702,-18.5286,-18.04,88,100,6.72,IS,1678584136
276,banes,20.9625,-75.7186,22.37,71,52,1.73,CU,1678584136
277,yar-sale,66.8333,70.8333,-16.75,87,96,5.6,RU,1678584137
278,xinzhou,38.4092,112.7333,-1.71,20,0,1.97,CN,1678584137
279,macia,-25.0269,33.0989,21.6,97,58,1.16,MZ,1678584138
280,pidhorodne,48.5753,35.1068,9.92,87,100,7.69,UA,1678584138
281,santa isabel,-23.3156,-46.2214,20.84,97,100,0.79,BR,1678584138
282,waingapu,-9.6567,120.2641,27.62,71,4,0.93,ID,1678584139
283,monywa,22.1167,95.1333,25.89,25,96,2.43,MM,1678584139
284,pisco,-13.7,-76.2167,26.03,69,40,0.51,PE,1678584140
285,ilo,-17.6394,-71.3375,23.64,81,43,4.22,PE,1678584141
286,mount isa,-20.7333,139.5,28.87,65,75,4.63,AU,1678584141
287,puerto del rosario,28.5004,-13.8627,17.86,82,0,3.6,ES,1678584142
288,shenjiamen,29.9576,122.298,10.02,94,100,8.11,CN,1678584142
289,magadan,59.5667,150.8,-9.15,76,100,3.98,RU,1678584143
290,tamarindo,22.1175,-78.9087,22.45,76,90,0.22,CU,1678584143
291,tasiilaq,65.6145,-37.6368,-12.91,62,0,2.51,GL,1678584144
292,mitsamiouli,-11.3847,43.2844,27.38,68,100,4.39,KM,1678584144
293,popondetta,-8.7537,148.2534,29.97,63,93,1.74,PG,1678584144
294,sioux lookout,50.1001,-91.917,-5.96,38,100,3.09,CA,1678584145
295,camapua,-19.5314,-54.0439,21.14,96,100,0.9,BR,1678584145
296,botwood,49.1499,-55.3482,0.5,95,100,5.65,CA,1678584147
297,salalah,17.0151,54.0924,25.05,69,0,1.54,OM,1678584148
298,hofn,64.2539,-15.2082,-8.58,69,0,10.28,IS,1678584148
299,oil city,41.4339,-79.7064,-0.24,74,100,0.0,US,1678583866
300,laramie,41.3114,-105.5911,-0.58,55,0,7.52,US,1678584073
301,orotukan,62.2667,151.7,-10.98,65,100,2.08,RU,1678584149
302,batemans bay,-35.7167,150.1833,21.17,73,91,2.69,AU,1678584149
303,gombe,10.2897,11.1673,26.06,10,99,5.22,NG,1678584150
304,vallenar,-28.5708,-70.7581,19.8,67,0,1.5,CL,1678583964
305,bafra,41.5678,35.9069,18.23,50,95,6.67,TR,1678584151
306,bengkulu,-3.8004,102.2655,24.42,83,58,1.25,ID,1678584151
307,amapa,1.0,-52.0,22.53,99,100,1.74,BR,1678584152
308,maldonado,-34.6667,-54.9167,26.79,70,0,4.43,UY,1678584152
309,rena,61.1348,11.3641,-15.94,93,53,1.67,NO,1678584153
310,iquitos,-3.7481,-73.2472,24.02,88,75,2.06,PE,1678584153
311,vaitape,-16.5167,-151.75,27.43,80,100,7.52,PF,1678584153
312,yarega,63.4354,53.5765,-13.59,98,100,2.17,RU,1678584154
313,esperance,-33.8667,121.9,19.89,66,100,4.62,AU,1678584154
314,ilhabela,-23.7781,-45.3581,24.37,88,100,0.77,BR,1678584155
315,belluru,12.9911,76.7444,17.26,74,0,2.01,IN,1678584155
316,mogadishu,2.0371,45.3438,26.18,88,88,7.06,SO,1678584156
317,kashi,39.4547,75.9797,8.56,31,17,4.0,CN,1678584156
318,khatanga,71.9667,102.5,-22.29,93,100,5.02,RU,1678584157
319,codrington,-38.2667,141.9667,17.17,71,84,5.34,AU,1678584157
320,lardos,36.0942,28.0157,17.19,84,100,4.02,GR,1678584158
321,ransang,8.9603,117.5828,27.1,69,85,3.76,PH,1678584158
322,landau,49.2075,8.1133,0.92,78,95,0.87,DE,1678584159
323,constitucion,-35.3333,-72.4167,14.1,93,29,1.31,CL,1678584018
324,tabou,4.423,-7.3528,25.67,90,100,1.72,CI,1678584159
325,rakaia,-43.75,172.0167,24.05,36,0,1.93,NZ,1678584160
326,urucara,-2.5364,-57.76,23.69,96,100,0.73,BR,1678584160
327,buin,-33.7333,-70.75,23.4,69,0,1.68,CL,1678583904
328,victoria,22.2855,114.1577,23.3,86,33,0.45,HK,1678584161
329,bouna,9.2667,-3.0,28.96,42,100,3.22,CI,1678584161
330,marsa matruh,31.3525,27.2453,16.98,74,100,3.88,EG,1678584161
331,flinders,-34.5833,150.8552,26.21,69,71,3.13,AU,1678584162
332,grand forks,47.9417,-97.4337,-3.15,93,100,11.32,US,1678584162
333,senno,59.5336,33.9167,-3.19,97,100,5.01,RU,1678584163
334,tezu,27.9167,96.1667,22.14,30,6,1.27,IN,1678584163
335,tondon,10.3667,-13.35,20.86,88,7,0.75,GN,1678584163
336,paris,48.8534,2.3488,9.03,97,100,3.6,FR,1678583435
337,zhengjiatun,43.5064,123.5064,-3.37,21,99,6.1,CN,1678584164
338,soligalich,59.0778,42.2864,-3.75,92,100,6.48,RU,1678584164
339,dalbandin,28.8947,64.4101,18.32,28,54,1.38,PK,1678584165
340,san pedro,14.35,121.0167,27.57,62,20,1.54,PH,1678584033
341,olafsvik,64.8945,-23.7142,-6.43,65,100,10.28,IS,1678584165
342,patrocinio,-18.9439,-46.9925,18.74,93,100,0.28,BR,1678584165
343,dingle,10.9995,122.6711,26.01,69,11,5.37,PH,1678584166
344,wanlaweyn,2.6185,44.8938,25.59,80,61,5.65,SO,1678584166
345,simao,22.7886,100.9748,20.17,31,93,0.24,CN,1678584166
346,novikovo,51.1537,37.8879,8.97,88,100,7.81,RU,1678584167
347,aksarka,66.5606,67.7975,-11.07,82,100,7.64,RU,1678584167
348,acajutla,13.5928,-89.8275,26.22,73,1,2.54,SV,1678584167
349,saint-francois,46.4154,3.9054,9.69,93,100,2.06,FR,1678584168
350,tsogni,-2.7942,10.0988,23.56,89,100,0.8,GA,1678584168
351,cabras,39.93,8.5314,13.64,94,10,4.89,IT,1678584169
352,togur,58.3631,82.8265,-2.47,86,99,7.58,RU,1678584169
353,ostrovnoy,68.0531,39.5131,-8.09,90,100,6.43,RU,1678584169
354,chivay,-15.6383,-71.6011,10.41,81,100,2.65,PE,1678584170
355,marrakesh,31.6315,-8.0083,20.04,45,0,2.57,MA,1678583985
356,goure,13.9835,10.2704,22.16,11,61,3.54,NE,1678584128
357,jalingo,8.8833,11.3667,27.11,13,81,1.73,NG,1678584170
358,cordoba,-31.4135,-64.1811,29.31,65,0,2.57,AR,1678583966
359,san antonio,29.4241,-98.4936,29.86,48,0,2.57,US,1678583955
360,deniliquin,-35.5333,144.9667,24.8,38,26,4.18,AU,1678584171
361,berlevag,70.8578,29.0864,-9.03,57,4,1.03,NO,1678584171
362,kloulklubed,7.0419,134.2556,29.28,76,86,6.16,PW,1678584171
363,glomfjord,66.8167,13.9667,-9.68,70,46,3.06,NO,1678584144
364,henties bay,-22.116,14.2845,16.37,86,21,3.01,NA,1678584172
365,atbasar,51.8,68.3333,-1.25,92,99,3.97,KZ,1678584172
366,airai,-8.9266,125.4092,21.26,64,11,0.75,TL,1678584173
367,kralovice,49.9819,13.4875,0.52,81,60,2.27,CZ,1678584173
368,tateyama,34.9833,139.8667,15.02,55,100,1.56,JP,1678584173
369,ribeira grande,38.5167,-28.7,17.1,90,93,15.2,PT,1678584174
370,tura,25.5198,90.2201,22.09,26,6,1.4,IN,1678584174
371,krasnoselkup,65.7,82.4667,-4.11,95,100,8.84,RU,1678584174
372,vila franca do campo,37.7167,-25.4333,17.23,95,100,11.67,PT,1678584175
373,aswan,24.0934,32.907,19.23,24,0,3.73,EG,1678584175
374,moron,-34.6534,-58.6198,31.94,60,6,3.43,AR,1678584175
375,esmeraldas,-19.7625,-44.3139,24.17,94,100,1.82,BR,1678584156
376,anloga,5.7947,0.8973,27.92,81,100,6.07,GH,1678584176
377,bontang,0.1333,117.5,26.45,79,100,1.65,ID,1678584176
378,manokwari,-0.8667,134.0833,28.31,72,89,3.72,ID,1678584177
379,bwanga,-3.0308,31.7601,16.92,97,100,2.11,TZ,1678584177
380,chitral,35.8462,71.7858,10.08,62,100,2.74,PK,1678584177
381,coihaique,-45.5752,-72.0662,14.97,94,100,1.03,CL,1678584167
382,te anau,-45.4167,167.7167,13.59,91,100,2.89,NZ,1678584178
383,rundu,-17.9333,19.7667,21.04,76,100,0.72,NA,1678584178
384,maumere,-8.6199,122.2111,27.79,71,26,1.33,ID,1678584179
385,tirumullaivasal,11.2333,79.8333,24.66,81,17,3.4,IN,1678584179
386,mumford,5.2618,-0.759,26.72,83,100,2.38,GH,1678584179
387,synya,65.3718,58.0387,-10.09,95,100,3.2,RU,1678584180
388,fairbanks,64.8378,-147.7164,-3.43,69,0,0.0,US,1678584180
389,nador,35.174,-2.9287,20.14,60,0,7.2,MA,1678584180
390,forestville,38.8451,-76.875,5.7,58,100,8.23,US,1678584181
391,sitka,57.0531,-135.33,0.94,32,20,4.63,US,1678584181
392,peniche,39.3558,-9.3811,15.16,96,100,2.06,PT,1678584182
393,molina,-35.1167,-71.2833,19.85,56,0,2.06,CL,1678583702
394,ca mau,9.1769,105.15,26.01,64,55,4.74,VN,1678584182
395,impfondo,1.6381,18.0667,21.1,95,100,1.13,CG,1678584183
396,santa rosa,14.3122,121.1114,27.99,66,10,3.54,PH,1678584140
397,cuyotenango,14.5333,-91.5667,25.56,88,100,0.93,GT,1678584184
398,taitung,22.7583,121.1444,24.15,46,20,2.06,TW,1678584184
399,marsh harbour,26.5412,-77.0636,23.2,69,0,6.51,BS,1678584185
400,yerbogachen,61.2767,108.0108,-12.56,96,100,3.52,RU,1678584185
401,necochea,-38.5473,-58.7368,23.58,80,97,6.66,AR,1678584186
402,omsukchan,62.5333,155.8,-15.78,77,100,3.69,RU,1678584186
403,kenda,23.2,86.5333,20.42,33,0,2.85,IN,1678584187
404,katsuura,35.1333,140.3,15.44,56,100,1.82,JP,1678584187
405,rockland,41.1668,-74.0496,4.35,79,12,0.89,US,1678584187
406,rognan,67.0953,15.3878,-4.92,66,19,3.94,NO,1678584188
407,klaksvik,62.2266,-6.589,-4.49,73,100,5.89,FO,1678584188
408,cartagena,10.3997,-75.5144,26.79,78,75,2.57,CO,1678584002
409,sao joao da barra,-21.6403,-41.0511,24.89,87,100,6.0,BR,1678584189
410,inhambane,-23.865,35.3833,24.65,90,29,2.99,MZ,1678584190
411,jutai,-5.1833,-68.9,22.82,97,100,0.58,BR,1678584190
412,ukiah,39.1502,-123.2078,10.64,92,100,0.0,US,1678583894
413,deputatskiy,69.3,139.9,-21.19,93,93,0.53,RU,1678584191
414,cristalina,-16.7686,-47.6136,17.71,92,100,0.47,BR,1678584194
415,paita,-5.0892,-81.1144,25.01,83,93,4.42,PE,1678584195
416,barahona,18.2085,-71.1008,23.31,77,27,2.32,DO,1678584195
417,musoma,-1.5,33.8,21.01,88,75,0.0,TZ,1678584195
418,severnoye,56.3491,78.3619,-3.39,86,91,6.13,RU,1678584196
419,puksoozero,62.5903,40.6066,-6.51,93,100,6.37,RU,1678584197
420,turayf,31.6725,38.6637,12.14,35,0,4.12,SA,1678584197
421,saint anthony,45.0205,-93.218,-0.75,93,100,4.63,US,1678584197
422,bilma,18.6853,12.9164,24.22,13,72,4.9,NE,1678584198
423,cedar rapids,42.0083,-91.6441,0.8,95,100,4.12,US,1678584140
424,mahanoro,-19.9,48.8,22.73,91,100,2.65,MG,1678584199
425,tan an,10.5333,106.4167,26.01,70,28,3.29,VN,1678584199
426,lata,40.1629,-8.3327,15.45,83,99,0.36,PT,1678584200
427,pevek,69.7008,170.3133,-23.27,92,32,4.92,RU,1678584200
428,kastamonu,41.5,33.6667,5.59,92,100,2.54,TR,1678584201
429,high rock,26.6208,-78.2833,23.01,68,2,5.19,BS,1678584201
430,corn island,12.1694,-83.0418,26.03,68,39,4.32,NI,1678584202
431,saint george,37.1041,-113.5841,12.33,71,75,3.6,US,1678583948
432,stokmarknes,68.5646,14.9108,-3.02,93,75,1.54,NO,1678584203
433,loa janan,-0.583,117.095,25.83,88,99,1.32,ID,1678584203
434,linhares,-19.3911,-40.0722,22.2,90,90,0.44,BR,1678584030
435,buribay,51.9617,58.1592,-11.76,95,21,2.29,RU,1678584204
436,goba,7.0167,39.9833,10.57,86,100,2.3,ET,1678584204
437,road town,18.4167,-64.6167,25.02,73,40,1.03,VG,1678584205
438,matagami,49.7502,-77.6328,-13.94,85,100,3.09,CA,1678584205
439,takoradi,4.8845,-1.7554,26.47,87,98,3.17,GH,1678584206
440,chernyshevskiy,63.0128,112.4714,-20.07,98,100,1.75,RU,1678584206
441,coquimbo,-29.9533,-71.3436,18.85,88,0,3.6,CL,1678584197
442,ayan,56.45,138.1667,-8.52,88,92,3.94,RU,1678584207
443,concordia,-31.393,-58.0209,29.26,38,0,3.32,AR,1678584073
444,el carmen,8.5106,-73.4478,20.24,89,100,1.06,CO,1678584208
445,punta umbria,37.1821,-6.9661,14.57,63,19,4.5,ES,1678584208
446,pires do rio,-17.2997,-48.2794,19.79,97,100,2.15,BR,1678584208
447,fairlie,55.756,-4.8556,1.95,88,100,3.76,GB,1678584209
448,karaton,-6.3424,106.1045,25.09,89,96,1.38,ID,1678584209
449,lorengau,-2.0226,147.2712,28.05,75,77,0.9,PG,1678584210
450,dromolaxia,34.8761,33.586,16.1,75,0,4.12,CY,1678584210
451,forbes,-33.3833,148.0167,27.97,20,0,2.96,AU,1678584211
452,port moresby,-9.4431,147.1797,32.68,55,20,5.14,PG,1678584211
453,baruun-urt,46.6806,113.2792,-9.91,34,9,3.35,MN,1678584212
454,nanortalik,60.1432,-45.2371,-3.08,79,41,0.87,GL,1678584212
455,varkkallai,8.7341,76.7067,27.88,82,4,3.43,IN,1678584213
456,roald,62.5833,6.1333,-1.92,69,40,8.23,NO,1678584213
457,shubarkuduk,49.1447,56.4872,1.32,99,100,1.55,KZ,1678584214
458,bay roberts,47.5999,-53.2648,1.7,91,100,3.13,CA,1678584214
459,oranjestad,12.524,-70.027,26.06,78,20,6.17,AW,1678584098
460,lypnyazhka,48.4469,31.0761,5.61,77,100,8.31,UA,1678584215
461,windhoek,-22.5594,17.0832,23.11,9,18,3.09,NA,1678584215
462,porto velho,-8.7619,-63.9039,24.03,100,75,0.51,BR,1678584052
463,tari,12.4086,4.4914,28.97,12,90,5.93,NG,1678584216
464,college,64.8569,-147.8028,-3.44,67,20,0.0,US,1678584216
465,palembang,-2.9167,104.7458,23.05,100,40,1.54,ID,1678584217
466,owase,34.0667,136.2,17.6,67,71,1.62,JP,1678584217
467,tungor,53.3808,142.9564,-1.31,84,84,5.27,RU,1678584218
468,itai,-23.4178,-49.0906,19.63,98,100,3.78,BR,1678584218
469,paamiut,61.994,-49.6678,-8.61,67,13,6.03,GL,1678584218
470,lagoa,39.05,-27.9833,16.36,83,22,13.27,PT,1678584219
471,vitry-le-francois,48.7333,4.5833,6.48,95,100,4.67,FR,1678584219
472,urengoy,65.9667,78.3667,-11.2,91,100,12.07,RU,1678584220
473,port lincoln,-34.7333,135.8667,18.92,63,45,5.78,AU,1678584220
474,lake charles,30.2131,-93.2044,23.12,86,75,7.72,US,1678584221
475,basco,20.4487,121.9702,22.71,67,11,6.39,PH,1678584221
476,port-gentil,-0.7193,8.7815,26.73,80,100,3.45,GA,1678584221
477,launceston,-41.45,147.1667,21.75,50,0,3.6,AU,1678584222
478,margate,51.3813,1.3862,5.73,89,100,3.13,GB,1678584182
479,sao fidelis,-21.6461,-41.7469,23.31,92,100,0.86,BR,1678584222
480,sisimiut,66.9395,-53.6735,-12.86,75,14,2.71,GL,1678584223
481,corsicana,32.0954,-96.4689,26.14,69,0,4.12,US,1678584223
482,kaeo,-35.1,173.7833,25.18,58,72,2.88,NZ,1678584223
483,lasa,46.6166,10.7002,5.2,90,61,3.22,IT,1678584224
484,masindi,1.6744,31.715,19.38,90,100,0.66,UG,1678584224
485,samarai,-10.6167,150.6667,29.24,68,73,3.76,PG,1678584224
486,singaraja,-8.112,115.0882,28.26,61,5,0.72,ID,1678584225
487,sebezh,56.2955,28.4654,-4.56,90,100,4.82,RU,1678584225
488,luderitz,-26.6481,15.1594,16.63,80,0,7.37,NA,1678584225
489,srednekolymsk,67.45,153.6833,-16.38,74,100,0.92,RU,1678584226
490,taraz,42.9,71.3667,12.23,94,100,2.0,KZ,1678584226
491,banff,51.1762,-115.5698,-6.79,63,100,2.57,CA,1678584033
492,kichera,55.9375,110.0997,-14.56,94,100,0.73,RU,1678584227
493,sao felix do xingu,-6.6447,-51.995,22.39,98,100,0.58,BR,1678584227
494,yulara,-25.2406,130.9889,31.66,14,0,4.6,AU,1678584227
495,bereda,43.2686,-7.5406,14.12,100,100,2.64,ES,1678584228
496,bani walid,31.7566,13.9942,18.52,34,7,4.28,LY,1678584228
497,suluq,31.6682,20.2521,15.26,79,5,4.07,LY,1678584228
498,istisu,40.9457,48.0738,-0.63,59,75,2.43,AZ,1678584229
499,vrede,-27.4257,29.1659,13.01,68,3,3.31,ZA,1678584229
500,mehamn,71.0357,27.8492,-9.05,62,5,5.14,NO,1678584230
501,oum hadjer,13.2954,19.6966,24.69,12,93,7.47,TD,1678584230
502,san jeronimo,-11.9472,-75.2829,10.54,87,100,1.86,PE,1678584230
503,milyutinskaya,48.6279,41.6679,8.28,91,100,6.86,RU,1678584231
504,olden,61.8364,6.8064,-5.59,97,100,1.61,NO,1678584231
505,rossland,49.0831,-117.8022,0.34,85,98,1.23,CA,1678584099
506,yeppoon,-23.1333,150.7333,31.88,65,16,4.12,AU,1678584231
507,cocachacra,-17.0883,-71.7575,23.74,79,93,2.02,PE,1678584232
508,krizevci,46.0219,16.5425,3.77,69,82,0.79,HR,1678584232
509,portland,45.5234,-122.6762,12.67,62,75,1.54,US,1678583633
510,santa helena de goias,-17.8136,-50.5969,20.46,89,100,0.4,BR,1678584232
511,akalgarh,29.8167,75.8833,16.96,28,5,1.8,IN,1678583960
512,huilong,31.8111,121.655,9.96,75,100,9.53,CN,1678584233
513,udachnyy,66.4167,112.4,-20.31,76,91,3.53,RU,1678584233
514,viedma,-40.8135,-62.9967,28.19,47,34,5.99,AR,1678584234
515,waddan,29.1614,16.139,18.05,34,0,1.89,LY,1678584234
516,benemerito de las americas,16.5167,-90.6439,25.78,56,0,0.53,MX,1678584083
517,mayskiy,47.6931,40.1025,10.67,83,100,7.0,RU,1678584234
518,kamenka,51.3223,42.7678,7.42,90,100,9.15,RU,1678584235
519,hualmay,-11.0964,-77.6139,24.8,78,68,3.14,PE,1678584235
520,morondava,-20.2833,44.2833,24.09,81,100,2.18,MG,1678584235
521,kuna,43.4918,-116.4201,9.71,45,20,4.12,US,1678584236
522,jalu,29.0331,21.5482,16.08,54,0,3.43,LY,1678584236
523,lac du bonnet,50.2536,-96.0612,-6.75,92,100,5.88,CA,1678584236
524,lamu,-2.2717,40.902,26.12,88,53,4.21,KE,1678584237
525,adrar,20.5022,-10.0711,23.12,11,0,5.27,MR,1678584237
526,muravlenko,63.7898,74.523,-13.52,84,100,11.57,RU,1678584237
527,kungurtug,50.5994,97.5228,-9.1,81,100,1.08,RU,1678584238
528,abha,18.2164,42.5053,14.14,82,40,2.57,SA,1678584238
529,belmonte,-15.8631,-38.8828,24.98,83,78,3.0,BR,1678584239
530,shelabolikha,53.4131,82.6167,1.06,97,100,5.94,RU,1678584239
531,kropotkin,45.4375,40.5756,12.58,70,100,3.2,RU,1678584239
532,santa maria,-29.6842,-53.8069,25.61,83,0,5.14,BR,1678584218
533,svelgen,61.7685,5.2955,-3.23,64,99,0.89,NO,1678584240
534,carbonia,39.1672,8.5222,16.53,91,3,6.27,IT,1678584240
535,amahai,-3.3333,128.9167,28.85,68,79,0.29,ID,1678584240
536,jinchang,38.4953,102.1739,0.45,22,0,2.21,CN,1678584241
537,amalner,21.05,75.0667,24.18,26,0,0.7,IN,1678584241
538,south yuba city,39.1166,-121.6391,13.06,76,100,0.45,US,1678584241
539,narsaq,60.9167,-46.05,-0.88,66,0,4.47,GL,1678584242
540,daru,-9.0763,143.2092,28.14,75,96,1.62,PG,1678584242
541,seoul,37.5683,126.9778,8.66,93,100,2.57,KR,1678583601
542,uberaba,-19.7483,-47.9319,21.32,94,0,1.54,BR,1678584244
543,atar,20.5169,-13.0499,25.53,9,0,3.6,MR,1678584245
544,ambilobe,-13.2,49.05,22.43,97,95,0.6,MG,1678584245
545,karangampel,-6.4622,108.4519,26.42,79,96,1.73,ID,1678584246
546,englehart,47.8169,-79.8664,-6.99,73,100,4.63,CA,1678584246
547,calabozo,8.9242,-67.4293,29.9,47,99,1.61,VE,1678584247
548,galesong,-5.3166,119.3661,29.01,75,96,1.27,ID,1678584247
549,gobabis,-22.45,18.9667,20.57,41,0,4.0,NA,1678584248
550,poum,-20.2333,164.0167,27.23,65,3,8.62,NC,1678584248
551,vitim,59.4511,112.5578,-15.67,88,98,1.52,RU,1678584249
552,kalmar,56.6616,16.3616,-1.13,86,8,5.66,SE,1678584249
553,chaman,30.9236,66.4512,15.89,38,18,1.77,PK,1678584250
554,praia da vitoria,38.7333,-27.0667,17.14,100,75,15.19,PT,1678584250
555,cayenne,4.9333,-52.3333,26.02,83,40,1.03,GF,1678584251
556,los llanos de aridane,28.6585,-17.9182,15.86,88,75,3.6,ES,1678584058
557,luba,3.4568,8.5547,24.94,78,95,3.72,GQ,1678584252
558,thongwa,16.7619,96.5278,24.09,68,19,3.99,MM,1678584252
559,leiyang,26.4024,112.8591,16.25,42,100,5.36,CN,1678584253
560,isangel,-19.55,169.2667,28.2,65,1,5.61,VU,1678584253
561,zhoucheng,35.9122,116.3117,5.74,15,0,8.97,CN,1678584254
562,mianwali,32.5741,71.5264,19.9,34,100,1.22,PK,1678584254
563,ouricuri,-7.8825,-40.0817,24.49,55,100,0.8,BR,1678584255
564,dunedin,-45.8742,170.5036,24.48,57,41,4.47,NZ,1678584255
565,languyan,5.2618,120.0807,27.72,73,91,5.76,PH,1678584256
566,tautira,-17.7333,-149.15,28.04,82,76,9.37,PF,1678584257
567,saint-louis,16.3333,-15.0,27.71,6,0,4.95,SN,1678584257
568,vilhena,-12.7406,-60.1458,20.13,99,100,1.25,BR,1678584046
569,qaqortoq,60.7167,-46.0333,-8.72,73,0,4.13,GL,1678584258
570,hamilton,39.1834,-84.5333,4.93,62,0,5.66,US,1678584233
571,colon,9.3592,-79.9014,24.97,79,50,3.39,PA,1678584259
572,kalmunai,7.4167,81.8167,24.04,90,26,1.95,LK,1678584259
573,kurara,25.9833,79.9833,20.81,35,0,0.87,IN,1678584260
574,tabas,33.5959,56.9244,12.12,58,0,2.06,IR,1678584260
575,sassandra,4.95,-6.0833,25.39,92,100,1.91,CI,1678584261
576,lucapa,-8.4192,20.7447,18.47,99,100,1.32,AO,1678584261
577,marca,47.2167,22.5667,0.69,67,99,4.62,RO,1678584262
578,sept-iles,50.2001,-66.3821,-2.75,82,0,1.54,CA,1678584262
579,ossora,59.2353,163.0719,-14.08,66,0,1.38,RU,1678584263
580,jianhu,29.9799,120.5712,12.97,89,100,4.93,CN,1678584263
581,baykit,61.67,96.37,-8.72,100,100,1.51,RU,1678584264
582,sabang,5.8933,95.3214,27.32,77,91,4.82,ID,1678584264
583,mugumu,-1.85,34.7,16.99,87,100,1.07,TZ,1678584265
584,burnie,-41.0667,145.9167,21.36,53,0,1.25,AU,1678584265
585,rocha,-34.4833,-54.3333,23.14,84,5,4.29,UY,1678584266
586,vargashi,55.3556,65.8467,-13.18,97,33,2.91,RU,1678584266
587,longhua,23.6137,114.1919,23.05,69,96,1.73,CN,1678584267
